trace_family,trace_name,capacity,horizon,n_decisions,min_decision_t,max_decision_t,all_tied_count,all_tied_fraction,discriminative_fraction,random_optimal_probability,expected_random_regret,mean_optimal_set_fraction,mean_loss_range,mean_strict_preference_density
cloudphysics,cloudphysics_alibaba_block_head_50k,32,16,49241,32,49999,42818,0.86955991957921241,0.13044008042078756,0.99205628947421864,0.0079716344103490985,0.99205628947421864,0.13133364472695519,0.014065776552584361
cloudphysics,cloudphysics_alibaba_block_head_50k,32,32,49241,32,49999,41162,0.83592940841981278,0.16407059158018725,0.98443814605714752,0.015795399159237222,0.98443814605714752,0.16839625515322598,0.020275114954689609
cloudphysics,cloudphysics_alibaba_block_head_50k,32,64,49241,32,49999,41162,0.83592940841981278,0.16407059158018725,0.98441402997502081,0.015820149875104082,0.98441402997502081,0.16841656343291159,0.020283467553592567
cloudphysics,cloudphysics_alibaba_block_head_50k,32,128,49241,32,49999,41162,0.83592940841981278,0.16407059158018725,0.98441402997502081,0.015820149875104082,0.98441402997502081,0.16841656343291159,0.020283467553592567
cloudphysics,cloudphysics_alibaba_block_head_50k,64,16,48511,73,49999,37186,0.76654779328399747,0.23345220671600256,0.99338165570695303,0.0068421981612417802,0.99338165570695303,0.23716270536579331,0.012751536388572319
cloudphysics,cloudphysics_alibaba_block_head_50k,64,32,48511,73,49999,32662,0.67329059388592283,0.32670940611407723,0.9871668925604502,0.013947545402073757,0.9871668925604502,0.33627424707798231,0.023084786366567821
cloudphysics,cloudphysics_alibaba_block_head_50k,64,64,48511,73,49999,29950,0.61738574756240849,0.38261425243759145,0.9760418384490116,0.028997933458390881,0.9760418384490116,0.40479478881078518,0.032234077658053667
cloudphysics,cloudphysics_alibaba_block_head_50k,64,128,48511,73,49999,29946,0.61730329203685763,0.38269670796314237,0.9754256766506566,0.030236698893034569,0.9754256766506566,0.40609346333821195,0.032298322210017494
cloudphysics,cloudphysics_alibaba_block_head_50k,128,16,47620,149,49999,31512,0.66173876522469555,0.33826123477530451,0.99517124501259979,0.0048371220075598487,0.99517124501259979,0.33872322553548928,0.0095040823100860823
cloudphysics,cloudphysics_alibaba_block_head_50k,128,32,47620,149,49999,25067,0.52639647207055862,0.47360352792944144,0.99084516747165052,0.0091919099118017641,0.99084516747165052,0.47498950020999581,0.01769765441305347
cloudphysics,cloudphysics_alibaba_block_head_50k,128,64,47620,149,49999,18743,0.39359512809743807,0.60640487190256198,0.98399553102687942,0.016190019949601009,0.98399553102687942,0.61060478790424189,0.029572653379609574
cloudphysics,cloudphysics_alibaba_block_head_50k,128,128,47620,149,49999,15709,0.32988240235195299,0.67011759764804701,0.97478311371272575,0.025699876627467449,0.97478311371272575,0.68047039059218817,0.039199560496979036
cloudphysics,cloudphysics_alibaba_block_head_50k,256,16,46701,277,49999,26628,0.57018051005331793,0.42981948994668207,0.99675503803451748,0.003263530893342755,0.99675503803451748,0.4306760026551894,0.0064317806521336611
cloudphysics,cloudphysics_alibaba_block_head_50k,256,32,46701,277,49999,18714,0.40071947067514613,0.59928052932485387,0.9936677446682084,0.0064169865206312494,0.9936677446682084,0.60178582899723776,0.012431584604142079
cloudphysics,cloudphysics_alibaba_block_head_50k,256,64,46701,277,49999,11481,0.24584056015931136,0.75415943984068867,0.98841917865784457,0.011935303847883343,0.98841917865784457,0.76077600051390759,0.022324043975419764
cloudphysics,cloudphysics_alibaba_block_head_50k,256,128,46701,277,49999,6861,0.14691334232671677,0.85308665767328318,0.98021346906383156,0.021244275417014624,0.98021346906383156,0.86876084023896705,0.036234991871526449
metacdn,metacdn_cdn_202303_head_50k,32,16,29348,44,49996,357,0.012164372359274908,0.98783562764072508,0.9404484547498978,0.060070106991958569,0.9404484547498978,0.99846667575303261,0.11290748504047098
metacdn,metacdn_cdn_202303_head_50k,32,32,29348,44,49996,25,0.00085184680387079183,0.99914815319612926,0.92462752998500752,0.076884498091863165,0.92462752998500752,1.0230680114488211,0.1340571924448333
metacdn,metacdn_cdn_202303_head_50k,32,64,29348,44,49996,1,3.4073872154831676e-05,0.99996592612784518,0.91343426298214525,0.089191554790786429,0.91343426298214525,1.0360501567398119,0.14141069128192504
metacdn,metacdn_cdn_202303_head_50k,32,128,29348,44,49996,1,3.4073872154831676e-05,0.99996592612784518,0.91320426434510016,0.089439655172413798,0.91320426434510016,1.0362545999727408,0.14152967504517538
metacdn,metacdn_cdn_202303_head_50k,64,16,28552,91,49996,292,0.010226954328943681,0.98977304567105628,0.96705627013869433,0.033064671476604093,0.96705627013869433,0.99446623704118797,0.064109775202693398
metacdn,metacdn_cdn_202303_head_50k,64,32,28552,91,49996,18,0.00063042869151022694,0.9993695713084898,0.95711990403474367,0.043219936431773603,0.95711990403474367,1.0108924068366489,0.081870237733881274
metacdn,metacdn_cdn_202303_head_50k,64,64,28552,91,49996,0,0,1,0.94373588102409633,0.057215234484449429,0.94373588102409633,1.0238512188288036,0.10133454985501253
metacdn,metacdn_cdn_202303_head_50k,64,128,28552,91,49996,0,0,1,0.93118203190669657,0.071072626260857377,0.93118203190669657,1.0378957691230037,0.10947018625443081
metacdn,metacdn_cdn_202303_head_50k,128,16,27683,194,49996,235,0.0084889643463497456,0.99151103565365029,0.98165926516273527,0.018351176714951414,0.98165926516273527,0.99219737745186576,0.036125874673361889
metacdn,metacdn_cdn_202303_head_50k,128,32,27683,194,49996,16,0.00057797204060253582,0.9994220279593975,0.97529733952245057,0.024732575046057147,0.97529733952245057,1.0011198208286674,0.048282362452182911
metacdn,metacdn_cdn_202303_head_50k,128,64,27683,194,49996,0,0,1,0.96691618050789296,0.033179489668749777,0.96691618050789296,1.0035039554961529,0.063900193799827684
metacdn,metacdn_cdn_202303_head_50k,128,128,27683,194,49996,0,0,1,0.95618221245890977,0.044128503955496154,0.95618221245890977,1.0079109923057472,0.08206077235922668
metacdn,metacdn_cdn_202303_head_50k,256,16,26737,402,49996,178,0.0066574409993641771,0.99334255900063584,0.98978285592063431,0.010219773862063807,0.98978285592063431,0.99364176983206787,0.02025703622137788
metacdn,metacdn_cdn_202303_head_50k,256,32,26737,402,49996,14,0.00052361895500617126,0.99947638104499381,0.98561713402775175,0.014388417735722032,0.98561713402775175,1.000037401353929,0.02838269578692082
metacdn,metacdn_cdn_202303_head_50k,256,64,26737,402,49996,0,0,1,0.9794286709428881,0.020586085060029173,0.9794286709428881,1.0013464487414445,0.040307952481213154
metacdn,metacdn_cdn_202303_head_50k,256,128,26737,402,49996,0,0,1,0.97051268490294351,0.029529683818304224,0.97051268490294351,1.0029173056064629,0.057094044512744691
metakv,metakv_kvcache_202206_head_50k,32,16,38032,56,49999,32968,0.86684896928901978,0.13315103071098022,0.99534109434160711,0.0046605490113588556,0.99534109434160711,0.13320361800588978,0.0092136969546867155
metakv,metakv_kvcache_202206_head_50k,32,32,38032,56,49999,32815,0.8628260412284392,0.1371739587715608,0.9949277910706773,0.0050828907236011777,0.9949277910706773,0.13738430795119899,0.0097461963270319054
metakv,metakv_kvcache_202206_head_50k,32,64,38032,56,49999,32789,0.86214240639461504,0.13785759360538494,0.99451777450567946,0.0055101624947412704,0.99451777450567946,0.13833087925957088,0.0099067678152184244
metakv,metakv_kvcache_202206_head_50k,32,128,38032,56,49999,32789,0.86214240639461504,0.13785759360538494,0.99451777450567946,0.0055101624947412704,0.99451777450567946,0.13833087925957088,0.0099067678152184244
metakv,metakv_kvcache_202206_head_50k,64,16,37977,101,49999,32751,0.86239039418595465,0.13760960581404535,0.9976227387629355,0.0023772612370645389,0.9976227387629355,0.13760960581404535,0.0047390839317531788
metakv,metakv_kvcache_202206_head_50k,64,32,37977,101,49999,32433,0.8540169049687969,0.1459830950312031,0.99744829107091137,0.0025517089290886591,0.99744829107091137,0.1459830950312031,0.0050845049906982128
metakv,metakv_kvcache_202206_head_50k,64,64,37977,101,49999,32118,0.8457224109329331,0.1542775890670669,0.99726273468151772,0.0027372653184822393,0.99726273468151772,0.1542775890670669,0.0054494005561427951
metakv,metakv_kvcache_202206_head_50k,64,128,37977,101,49999,32076,0.8446164783948179,0.1553835216051821,0.99724010585354295,0.0027598941464570662,0.99724010585354295,0.1553835216051821,0.0054937700387577941
metakv,metakv_kvcache_202206_head_50k,128,16,37856,192,49999,32401,0.85590131022823335,0.14409868977176671,0.99871139977810652,0.0012886002218934912,0.99871139977810652,0.14409868977176671,0.0025711684684939532
metakv,metakv_kvcache_202206_head_50k,128,32,37856,192,49999,31939,0.84369716821639895,0.15630283178360102,0.99851864631762466,0.001481353682375317,0.99851864631762466,0.15630283178360102,0.0029502599157353853
metakv,metakv_kvcache_202206_head_50k,128,64,37856,192,49999,31358,0.82834953508030429,0.17165046491969568,0.99820867233727806,0.0017913276627218935,0.99820867233727806,0.17165046491969568,0.0035477569683874575
metakv,metakv_kvcache_202206_head_50k,128,128,37856,192,49999,30984,0.81846999154691458,0.18153000845308537,0.9978596936416948,0.0021403063583051562,0.9978596936416948,0.18153000845308537,0.0041791546321826266
metakv,metakv_kvcache_202206_head_50k,256,16,37486,430,49999,31220,0.83284426185776028,0.16715573814223977,0.99911810826041725,0.00088220435629301607,0.99911810826041725,0.16723576802006082,0.0017577697961487322
metakv,metakv_kvcache_202206_head_50k,256,32,37486,430,49999,30641,0.81739849543829701,0.18260150456170304,0.99876766492823987,0.0012326476884703622,0.99876766492823987,0.18268153443952409,0.0024412365583804884
metakv,metakv_kvcache_202206_head_50k,256,64,37486,430,49999,30058,0.80184602251507231,0.19815397748492772,0.99805562826788663,0.0019448927599637197,0.99805562826788663,0.19828736061462945,0.003782902479670842
metakv,metakv_kvcache_202206_head_50k,256,128,37486,430,49999,29720,0.79282932294723363,0.20717067705276637,0.99660612878808086,0.0033954342954703089,0.99660612878808086,0.20757082644187164,0.0062724479230415959
twemcache,twemcache_cluster26_sample100_50k,32,16,37849,40,49999,9186,0.24270126027107716,0.75729873972892281,0.93473407487648286,0.066964285714285712,0.93473407487648286,0.78181722106264362,0.11620651544891032
twemcache,twemcache_cluster26_sample100_50k,32,32,37849,40,49999,6743,0.17815530132896509,0.82184469867103493,0.89317336653544344,0.11315523527702186,0.89317336653544344,0.88242754101825671,0.15994446096926751
twemcache,twemcache_cluster26_sample100_50k,32,64,37849,40,49999,6576,0.17374303151998732,0.82625696848001273,0.88127163201141379,0.12728622288567729,0.88127163201141379,0.89981241248117516,0.16475943456127448
twemcache,twemcache_cluster26_sample100_50k,32,128,37849,40,49999,6576,0.17374303151998732,0.82625696848001273,0.88072918042748816,0.12803508679225342,0.88072918042748816,0.90057861502285397,0.16493505815553997
twemcache,twemcache_cluster26_sample100_50k,64,16,34748,74,49999,5016,0.1443536318637044,0.85564636813629558,0.95549653936917234,0.045000791412455395,0.95549653936917234,0.86799240244042819,0.083743143376071902
twemcache,twemcache_cluster26_sample100_50k,64,32,34748,74,49999,2917,0.083947277541153442,0.9160527224588465,0.92643956126971339,0.075391029699551054,0.92643956126971339,0.94419822723609992,0.13100264363736364
twemcache,twemcache_cluster26_sample100_50k,64,64,34748,74,49999,2026,0.058305513986416486,0.94169448601358352,0.88561976588580638,0.12099347444457235,0.88561976588580638,1.007050765511684,0.17736692279651586
twemcache,twemcache_cluster26_sample100_50k,64,128,34748,74,49999,1873,0.053902382870956604,0.94609761712904339,0.86548326522389774,0.14494629187291355,0.86548326522389774,1.0343904685161736,0.18692155800676433
twemcache,twemcache_cluster26_sample100_50k,128,16,31195,202,49997,3174,0.10174707485173906,0.89825292514826094,0.97135032657477161,0.02891514064753967,0.97135032657477161,0.90748517390607464,0.055161722426746662
twemcache,twemcache_cluster26_sample100_50k,128,32,31195,202,49997,1590,0.050969706683763424,0.94903029331623656,0.95016779531976281,0.050821946626061869,0.95016779531976281,0.96957845808623178,0.092662432337607098
twemcache,twemcache_cluster26_sample100_50k,128,64,31195,202,49997,919,0.029459849334829299,0.97054015066517074,0.91724935887161407,0.086535803013303408,0.91724935887161407,1.0151947427472352,0.14427689978456573
twemcache,twemcache_cluster26_sample100_50k,128,128,31195,202,49997,584,0.01872094887001122,0.98127905112998881,0.86616920780573814,0.14670119410161886,0.86616920780573814,1.0766148421221349,0.20302323427815633
twemcache,twemcache_cluster26_sample100_50k,256,16,28706,455,49997,2415,0.084128753570682085,0.91587124642931794,0.98382837538319512,0.016220884788894309,0.98382837538319512,0.91834459694837312,0.031668211443464031
twemcache,twemcache_cluster26_sample100_50k,256,32,28706,455,49997,1191,0.041489584059081722,0.95851041594091824,0.9714212076743538,0.028741405324670802,0.9714212076743538,0.96373580436145756,0.054901009840465136
twemcache,twemcache_cluster26_sample100_50k,256,64,28706,455,49997,619,0.021563436215425346,0.97843656378457466,0.95167781234759286,0.048930455523235564,0.95167781234759286,0.98934020762209995,0.089863491423532421
twemcache,twemcache_cluster26_sample100_50k,256,128,28706,455,49997,265,0.009231519542952692,0.99076848045704735,0.92150064990768477,0.081027267818574514,0.92150064990768477,1.016094196335261,0.13925989609161438
wiki2018,wiki2018_pageviews_en_50k,32,16,49968,32,49999,49968,1,0,1,0,1,0,0
wiki2018,wiki2018_pageviews_en_50k,32,32,49968,32,49999,49968,1,0,1,0,1,0,0
wiki2018,wiki2018_pageviews_en_50k,32,64,49968,32,49999,49968,1,0,1,0,1,0,0
wiki2018,wiki2018_pageviews_en_50k,32,128,49968,32,49999,49968,1,0,1,0,1,0,0
wiki2018,wiki2018_pageviews_en_50k,64,16,49936,64,49999,49936,1,0,1,0,1,0,0
wiki2018,wiki2018_pageviews_en_50k,64,32,49936,64,49999,49936,1,0,1,0,1,0,0
wiki2018,wiki2018_pageviews_en_50k,64,64,49936,64,49999,49936,1,0,1,0,1,0,0
wiki2018,wiki2018_pageviews_en_50k,64,128,49936,64,49999,49936,1,0,1,0,1,0,0
wiki2018,wiki2018_pageviews_en_50k,128,16,49872,128,49999,49872,1,0,1,0,1,0,0
wiki2018,wiki2018_pageviews_en_50k,128,32,49872,128,49999,49872,1,0,1,0,1,0,0
wiki2018,wiki2018_pageviews_en_50k,128,64,49872,128,49999,49872,1,0,1,0,1,0,0
wiki2018,wiki2018_pageviews_en_50k,128,128,49872,128,49999,49872,1,0,1,0,1,0,0
wiki2018,wiki2018_pageviews_en_50k,256,16,49744,256,49999,49744,1,0,1,0,1,0,0
wiki2018,wiki2018_pageviews_en_50k,256,32,49744,256,49999,49744,1,0,1,0,1,0,0
wiki2018,wiki2018_pageviews_en_50k,256,64,49744,256,49999,49744,1,0,1,0,1,0,0
wiki2018,wiki2018_pageviews_en_50k,256,128,49744,256,49999,49744,1,0,1,0,1,0,0
