trace_name,trace_family,dataset_source,capacity,horizon,decision_id,decision_t,decision_chunk_id,candidate_page_id,split,y_loss,y_value,request_bucket,request_confidence,candidate_bucket,candidate_confidence,candidate_recency_rank,candidate_age_norm,candidate_predictor_score,candidate_lru_score,candidate_is_predictor_victim,candidate_is_lru_victim,score_gap_to_predictor_best,score_gap_to_lru_victim,bucket_gap_to_predictor_best,bucket_gap_to_lru_victim,confidence_gap_to_predictor_best,confidence_gap_to_lru_victim,cache_bucket_mean,cache_bucket_std,cache_bucket_min,cache_bucket_max,cache_unique_bucket_count,cache_confidence_mean,cache_confidence_std,predictor_lru_disagree,recent_candidate_request_rate,recent_candidate_hit_rate
synthetic_trace,synthetic,synthetic,3,4,d1,10,0,A,train,1,-1,4,0.9,3,0.8,0,0.0,0.9,0.1,1,1,0.0,0.0,0,0,0.0,0.0,2.0,0.8,1,3,3,0.7,0.1,0,0.4,0.3
synthetic_trace,synthetic,synthetic,3,4,d1,10,0,B,train,3,-3,4,0.9,2,0.7,1,0.5,0.6,0.5,0,0,-0.3,0.4,-1,1,-0.1,0.1,2.0,0.8,1,3,3,0.7,0.1,0,0.2,0.1
synthetic_trace,synthetic,synthetic,3,4,d1,10,0,C,train,1,-1,4,0.9,1,0.6,2,1.0,0.3,0.9,0,0,-0.6,0.8,-2,2,-0.2,0.2,2.0,0.8,1,3,3,0.7,0.1,0,0.1,0.0
synthetic_trace,synthetic,synthetic,3,4,d2,20,0,D,val,2,-2,5,0.8,4,0.6,0,0.0,0.7,0.2,1,1,0.0,0.0,0,0,0.0,0.0,4.0,0.8,3,5,3,0.6,0.1,1,0.5,0.4
synthetic_trace,synthetic,synthetic,3,4,d2,20,0,E,val,0,0,5,0.8,5,0.7,1,0.5,0.5,0.6,0,0,-0.2,0.4,1,1,0.1,0.1,4.0,0.8,3,5,3,0.6,0.1,1,0.4,0.2
synthetic_trace,synthetic,synthetic,3,4,d2,20,0,F,val,4,-4,5,0.8,3,0.5,2,1.0,0.2,1.0,0,0,-0.5,0.8,-1,2,-0.2,0.2,4.0,0.8,3,5,3,0.6,0.1,1,0.1,0.0
synthetic_trace,synthetic,synthetic,3,8,d3,30,0,G,test,5,-5,6,0.7,6,0.9,0,0.0,0.9,0.1,1,1,0.0,0.0,0,0,0.0,0.0,5.0,0.8,4,6,3,0.5,0.1,0,0.5,0.4
synthetic_trace,synthetic,synthetic,3,8,d3,30,0,H,test,2,-2,6,0.7,5,0.6,1,0.5,0.7,0.5,0,0,-0.2,0.4,-1,1,-0.3,-0.1,5.0,0.8,4,6,3,0.5,0.1,0,0.2,0.2
synthetic_trace,synthetic,synthetic,3,8,d3,30,0,I,test,3,-3,6,0.7,4,0.5,2,1.0,0.4,0.9,0,0,-0.5,0.8,-2,2,-0.4,0.1,5.0,0.8,4,6,3,0.5,0.1,0,0.1,0.0
