alt_metric,alt_stratum,stratum_order,method,method_order,n_decisions,mean_alt_value,mean_regret,median_regret,optimal_selection_rate
loss_range,Z,0,uniform_random,0,1599004,0.0,0.0,0.0,1.0
loss_range,Z,0,lru,1,1599004,0.0,0.0,0.0,1.0
loss_range,Z,0,clean_linear,2,1599004,0.0,0.0,0.0,1.0
loss_range,Z,0,clean_pairwise_logistic,3,1599004,0.0,0.0,0.0,1.0
loss_range,Z,0,frozen_hgb,4,1599004,0.0,0.0,0.0,1.0
loss_range,Q1,1,uniform_random,0,191086,1.0,0.026163469098992077,0.015625,0.973836530901008
loss_range,Q1,1,lru,1,191086,1.0,0.00387260186512879,0.0,0.9961273981348712
loss_range,Q1,1,clean_linear,2,191086,1.0,0.3821473054017563,0.0,0.6178526945982438
loss_range,Q1,1,clean_pairwise_logistic,3,191086,1.0,0.004029599238039417,0.0,0.9959704007619605
loss_range,Q1,1,frozen_hgb,4,191086,1.0,0.21846707765090065,0.0,0.7815329223490993
loss_range,Q2,2,uniform_random,0,191078,1.0,0.026903198562890546,0.015625,0.9730968014371094
loss_range,Q2,2,lru,1,191078,1.0,0.0059190487654256375,0.0,0.9940809512345744
loss_range,Q2,2,clean_linear,2,191078,1.0,0.3638461780006071,0.0,0.636153821999393
loss_range,Q2,2,clean_pairwise_logistic,3,191078,1.0,0.005830079862673882,0.0,0.9941699201373261
loss_range,Q2,2,frozen_hgb,4,191078,1.0,0.22106678947864222,0.0,0.7789332105213578
loss_range,Q3,3,uniform_random,0,191066,1.0,0.025519261832298787,0.015625,0.9744807381677012
loss_range,Q3,3,lru,1,191066,1.0,0.005270430113154616,0.0,0.9947295698868454
loss_range,Q3,3,clean_linear,2,191066,1.0,0.41201469649231154,0.0,0.5879853035076884
loss_range,Q3,3,clean_pairwise_logistic,3,191066,1.0,0.005102948719290716,0.0,0.9948970512807093
loss_range,Q3,3,frozen_hgb,4,191066,1.0,0.2294181068321941,0.0,0.7705818931678059
loss_range,Q4,4,uniform_random,0,191052,1.0187906957268178,0.030582724205975336,0.015625,0.9702593649242092
loss_range,Q4,4,lru,1,191052,1.0187906957268178,0.02275296777840588,0.0,0.9784770638360237
loss_range,Q4,4,clean_linear,2,191052,1.0187906957268178,0.388935996482633,0.0,0.6158742122563491
loss_range,Q4,4,clean_pairwise_logistic,3,191052,1.0187906957268178,0.022679689299248372,0.0,0.9785398739610158
loss_range,Q4,4,frozen_hgb,4,191052,1.0187906957268178,0.232402696648033,0.0,0.7703190754349601
one_minus_optimal_set_fraction,Z,0,uniform_random,0,1599004,0.0,0.0,0.0,1.0
one_minus_optimal_set_fraction,Z,0,lru,1,1599004,0.0,0.0,0.0,1.0
one_minus_optimal_set_fraction,Z,0,clean_linear,2,1599004,0.0,0.0,0.0,1.0
one_minus_optimal_set_fraction,Z,0,clean_pairwise_logistic,3,1599004,0.0,0.0,0.0,1.0
one_minus_optimal_set_fraction,Z,0,frozen_hgb,4,1599004,0.0,0.0,0.0,1.0
one_minus_optimal_set_fraction,Q1,1,uniform_random,0,191086,0.014392836373413018,0.014392877258145547,0.0078125,0.985607163626587
one_minus_optimal_set_fraction,Q1,1,lru,1,191086,0.014392836373413018,0.0007012549323341323,0.0,0.9992987450676659
one_minus_optimal_set_fraction,Q1,1,clean_linear,2,191086,0.014392836373413018,0.35810054111761197,0.0,0.6418994588823881
one_minus_optimal_set_fraction,Q1,1,clean_pairwise_logistic,3,191086,0.014392836373413018,0.0005390243136598181,0.0,0.9994609756863402
one_minus_optimal_set_fraction,Q1,1,frozen_hgb,4,191086,0.014392836373413018,0.19601122007891736,0.0,0.8039887799210826
one_minus_optimal_set_fraction,Q2,2,uniform_random,0,191078,0.018325631417536296,0.018326939783753233,0.015625,0.9816743685824637
one_minus_optimal_set_fraction,Q2,2,lru,1,191078,0.018325631417536296,0.001083327227624321,0.0,0.9989166727723757
one_minus_optimal_set_fraction,Q2,2,clean_linear,2,191078,0.018325631417536296,0.38104857702090245,0.0,0.6189671233737007
one_minus_optimal_set_fraction,Q2,2,clean_pairwise_logistic,3,191078,0.018325631417536296,0.0009943583248725651,0.0,0.9990056416751274
one_minus_optimal_set_fraction,Q2,2,frozen_hgb,4,191078,0.018325631417536296,0.21510587299427458,0.0,0.7849045939354609
one_minus_optimal_set_fraction,Q3,3,uniform_random,0,191066,0.02728495160049407,0.027290737395716663,0.01953125,0.972715048399506
one_minus_optimal_set_fraction,Q3,3,lru,1,191066,0.02728495160049407,0.002292401578512137,0.0,0.9977494687699539
one_minus_optimal_set_fraction,Q3,3,clean_linear,2,191066,0.02728495160049407,0.38857253514492374,0.0,0.6114798027906587
one_minus_optimal_set_fraction,Q3,3,clean_pairwise_logistic,3,191066,0.02728495160049407,0.0023709084818858404,0.0,0.9976657280730219
one_minus_optimal_set_fraction,Q3,3,frozen_hgb,4,191066,0.02728495160049407,0.2270157955889588,0.0,0.7730103733788325
one_minus_optimal_set_fraction,Q4,4,uniform_random,0,191052,0.04832627782619391,0.04916123130090237,0.03125,0.9516737221738061
one_minus_optimal_set_fraction,Q4,4,lru,1,191052,0.04832627782619391,0.03373950547494923,0.0,0.9674486527228189
one_minus_optimal_set_fraction,Q4,4,clean_linear,2,191052,0.04832627782619391,0.41922617926009675,0.0,0.5855159851768105
one_minus_optimal_set_fraction,Q4,4,clean_pairwise_logistic,3,191052,0.04832627782619391,0.03373950547494923,0.0,0.9674434185457362
one_minus_optimal_set_fraction,Q4,4,frozen_hgb,4,191052,0.04832627782619391,0.26322676548793,0.0,0.7394583673554844
strict_preference_density,Z,0,uniform_random,0,1599004,0.0,0.0,0.0,1.0
strict_preference_density,Z,0,lru,1,1599004,0.0,0.0,0.0,1.0
strict_preference_density,Z,0,clean_linear,2,1599004,0.0,0.0,0.0,1.0
strict_preference_density,Z,0,clean_pairwise_logistic,3,1599004,0.0,0.0,0.0,1.0
strict_preference_density,Z,0,frozen_hgb,4,1599004,0.0,0.0,0.0,1.0
strict_preference_density,Q1,1,uniform_random,0,191086,0.02877683602966352,0.014392836373413018,0.0078125,0.985607163626587
strict_preference_density,Q1,1,lru,1,191086,0.028776836029663404,0.0006960216865704447,0.0,0.9993039783134295
strict_preference_density,Q1,1,clean_linear,2,191086,0.028776836029663425,0.35810054111761197,0.0,0.6418994588823881
strict_preference_density,Q1,1,clean_pairwise_logistic,3,191086,0.028776836029663418,0.0005337910678961305,0.0,0.9994662089321039
strict_preference_density,Q1,1,frozen_hgb,4,191086,0.02877683602966364,0.19601122007891736,0.0,0.8039887799210826
strict_preference_density,Q2,2,uniform_random,0,191078,0.03634932060630465,0.01832579496331341,0.015625,0.9816743685824637
strict_preference_density,Q2,2,lru,1,191078,0.03634932060630427,0.001036226043814568,0.0,0.9989637739561854
strict_preference_density,Q2,2,clean_linear,2,191078,0.036349320606304296,0.38105904395063794,0.0,0.6189461895142297
strict_preference_density,Q2,2,clean_pairwise_logistic,3,191078,0.036349320606304296,0.0009524906059305624,0.0,0.9990475093940694
strict_preference_density,Q2,2,frozen_hgb,4,191078,0.036349320606304525,0.21509540606453909,0.0,0.7849045939354609
strict_preference_density,Q3,3,uniform_random,0,191066,0.05327358174149621,0.0272864644939445,0.01953125,0.972715048399506
strict_preference_density,Q3,3,lru,1,191066,0.0532735817414961,0.0020464132812745336,0.0,0.9979692880994002
strict_preference_density,Q3,3,clean_linear,2,191066,0.05327358174149633,0.38853066479645776,0.0,0.6114902703777753
strict_preference_density,Q3,3,clean_pairwise_logistic,3,191066,0.05327358174149625,0.0021406215653229773,0.0,0.9978750798153517
strict_preference_density,Q3,3,frozen_hgb,4,191066,0.0532735817414932,0.22701056179540055,0.0,0.7729946719981577
strict_preference_density,Q4,4,uniform_random,0,191052,0.0895916821399944,0.04916669038403157,0.03125,0.9516737221738061
strict_preference_density,Q4,4,lru,1,191052,0.08959168213998588,0.03403785356866194,0.0,0.9671764755145196
strict_preference_density,Q4,4,clean_linear,2,191052,0.08959168213998633,0.4192575843225928,0.0,0.5855264535309759
strict_preference_density,Q4,4,clean_pairwise_logistic,3,191052,0.08959168213998593,0.03401691686033122,0.0,0.967186943868685
strict_preference_density,Q4,4,frozen_hgb,4,191052,0.08959168213998375,0.263242468019178,0.0,0.7394740698867324
